year_doy_hhmm,year_doy_hhmm,argosid,latitude,longitude,strain,voltage,sst,checksum
2019-01-01 00:27:00,2019-01-01 00:27:00,145469,61.310,174.497,30.0,9.2,0.36,True
2019-01-01 01:01:00,2019-01-01 01:01:00,145469,61.311,174.487,30.0,9.2,0.36,True
2019-01-01 01:15:00,2019-01-01 01:15:00,145469,61.308,174.493,30.0,9.2,0.36,True
2019-01-01 02:09:00,2019-01-01 02:09:00,145469,61.316,174.470,35.0,9.2,0.32,True
2019-01-01 02:09:00,2019-01-01 02:09:00,145469,61.312,174.464,35.0,9.2,0.36,True
2019-01-01 02:55:00,2019-01-01 02:55:00,145469,61.309,174.440,35.0,9.2,0.36,True
2019-01-01 03:49:00,2019-01-01 03:49:00,145469,61.309,174.439,35.0,9.2,0.32,True
2019-01-01 04:20:00,2019-01-01 04:20:00,145469,61.311,174.419,35.0,9.2,0.32,True
2019-01-01 04:32:00,2019-01-01 04:32:00,145469,61.309,174.414,35.0,9.2,0.32,True
2019-01-01 05:24:00,2019-01-01 05:24:00,145469,61.307,174.408,35.0,9.2,0.32,True
2019-01-01 05:30:00,2019-01-01 05:30:00,145469,61.307,174.415,35.0,9.2,0.32,True
2019-01-01 05:35:00,2019-01-01 05:35:00,145469,61.308,174.413,35.0,9.2,0.32,True
2019-01-01 05:55:00,2019-01-01 05:55:00,145469,61.306,174.402,28.0,9.2,0.32,True
2019-01-01 06:11:00,2019-01-01 06:11:00,145469,61.305,174.400,28.0,9.2,0.32,True
2019-01-01 06:52:00,2019-01-01 06:52:00,145469,61.305,174.398,28.0,9.2,0.32,True
2019-01-01 07:02:00,2019-01-01 07:02:00,145469,61.305,174.402,28.0,9.2,0.32,True
2019-01-01 07:11:00,2019-01-01 07:11:00,145469,61.301,174.405,28.0,9.2,0.32,True
2019-01-01 07:35:00,2019-01-01 07:35:00,145469,61.307,174.383,28.0,9.2,0.32,True
2019-01-01 07:58:00,2019-01-01 07:58:00,145469,61.305,174.402,28.0,9.2,0.32,True
2019-01-01 08:40:00,2019-01-01 08:40:00,145469,61.305,174.397,28.0,9.2,0.32,True
2019-01-01 09:15:00,2019-01-01 09:15:00,145469,61.308,174.404,28.0,9.2,0.28,True
2019-01-01 10:14:00,2019-01-01 10:14:00,145469,61.316,174.396,32.0,9.2,0.32,True
2019-01-01 11:51:00,2019-01-01 11:51:00,145469,61.330,174.381,32.0,9.2,0.32,True
2019-01-01 13:26:00,2019-01-01 13:26:00,145469,61.346,174.344,32.0,9.2,0.32,True
2019-01-01 14:20:00,2019-01-01 14:20:00,145469,61.350,174.314,31.0,9.2,0.28,True
2019-01-01 15:08:00,2019-01-01 15:08:00,145469,61.358,174.306,31.0,9.2,0.32,True
2019-01-01 16:01:00,2019-01-01 16:01:00,145469,61.359,174.278,31.0,9.2,0.28,True
2019-01-01 16:41:00,2019-01-01 16:41:00,145469,61.359,174.273,31.0,9.2,0.32,True
2019-01-01 17:34:00,2019-01-01 17:34:00,145469,61.359,174.244,31.0,9.2,0.28,True
2019-01-01 17:41:00,2019-01-01 17:41:00,145469,61.358,174.249,31.0,9.2,0.32,True
2019-01-01 18:26:00,2019-01-01 18:26:00,145469,61.353,174.239,29.0,9.2,0.32,True
2019-01-01 19:13:00,2019-01-01 19:13:00,145469,61.353,174.227,29.0,9.2,0.32,True
2019-01-01 19:21:00,2019-01-01 19:21:00,145469,61.353,174.223,29.0,9.2,0.32,True
2019-01-01 19:43:00,2019-01-01 19:43:00,145469,61.360,174.218,29.0,9.2,0.32,True
2019-01-01 20:02:00,2019-01-01 20:02:00,145469,61.353,174.215,29.0,9.2,0.32,True
2019-01-01 20:51:00,2019-01-01 20:51:00,145469,61.351,174.209,29.0,9.2,0.32,True
2019-01-01 21:03:00,2019-01-01 21:03:00,145469,61.352,174.211,29.0,9.2,0.32,True
2019-01-01 21:19:00,2019-01-01 21:19:00,145469,61.349,174.199,29.0,9.2,0.32,True
2019-01-01 21:43:00,2019-01-01 21:43:00,145469,61.348,174.212,29.0,9.2,0.32,True
2019-01-01 22:42:00,2019-01-01 22:42:00,145469,61.346,174.192,28.0,9.2,0.32,True
2019-01-01 22:59:00,2019-01-01 22:59:00,145469,61.349,174.191,28.0,9.2,0.32,True
2019-01-01 23:24:00,2019-01-01 23:24:00,145469,61.351,174.199,28.0,9.2,0.32,True
2019-01-02 00:05:00,2019-01-02 00:05:00,145469,61.351,174.179,28.0,9.2,0.32,True
2019-01-02 00:06:00,2019-01-02 00:06:00,145469,61.351,174.179,28.0,9.2,0.32,True
2019-01-02 00:20:00,2019-01-02 00:20:00,145469,61.351,174.185,28.0,9.2,0.32,True
2019-01-02 00:43:00,2019-01-02 00:43:00,145469,61.353,174.176,28.0,9.2,0.28,True
2019-01-02 01:03:00,2019-01-02 01:03:00,145469,61.354,174.165,28.0,9.2,0.32,True
2019-01-02 01:43:00,2019-01-02 01:43:00,145469,61.356,174.159,28.0,9.2,0.32,True
2019-01-02 01:58:00,2019-01-02 01:58:00,145469,61.353,174.145,30.0,9.2,0.32,True
2019-01-02 02:44:00,2019-01-02 02:44:00,145469,61.353,174.143,30.0,9.2,0.32,True
2019-01-02 03:19:00,2019-01-02 03:19:00,145469,61.351,174.127,30.0,9.0,0.28,True
2019-01-02 03:39:00,2019-01-02 03:39:00,145469,61.351,174.130,30.0,9.0,0.28,True
2019-01-02 04:00:00,2019-01-02 04:00:00,145469,61.350,174.122,30.0,9.0,0.28,True
2019-01-02 04:20:00,2019-01-02 04:20:00,145469,61.348,174.121,30.0,9.2,0.28,True
2019-01-02 04:48:00,2019-01-02 04:48:00,145469,61.347,174.113,30.0,9.2,0.28,True
2019-01-02 05:04:00,2019-01-02 05:04:00,145469,61.348,174.112,30.0,9.2,0.28,True
2019-01-02 05:22:00,2019-01-02 05:22:00,145469,61.350,174.118,30.0,9.2,0.28,True
2019-01-02 05:34:00,2019-01-02 05:34:00,145469,61.344,174.113,30.0,9.2,0.28,True
2019-01-02 06:00:00,2019-01-02 06:00:00,145469,61.343,174.112,34.0,9.2,0.28,True
2019-01-02 06:28:00,2019-01-02 06:28:00,145469,61.340,174.110,34.0,9.2,0.28,True
2019-01-02 06:44:00,2019-01-02 06:44:00,145469,61.340,174.116,34.0,9.2,0.28,True
2019-01-02 06:42:00,2019-01-02 06:42:00,145469,61.340,174.111,34.0,9.2,0.28,True
2019-01-02 07:14:00,2019-01-02 07:14:00,145469,61.351,174.105,34.0,9.2,0.28,True
2019-01-02 07:39:00,2019-01-02 07:39:00,145469,61.337,174.112,34.0,9.2,0.28,True
2019-01-02 08:06:00,2019-01-02 08:06:00,145469,61.335,174.123,34.0,9.2,0.28,True
2019-01-02 08:30:00,2019-01-02 08:30:00,145469,61.336,174.126,34.0,9.2,0.28,True
2019-01-02 08:55:00,2019-01-02 08:55:00,145469,61.334,174.131,34.0,9.2,0.28,True
2019-01-02 09:25:00,2019-01-02 09:25:00,145469,61.335,174.136,34.0,9.2,0.28,True
2019-01-02 11:21:00,2019-01-02 11:21:00,145469,61.337,174.145,26.0,9.2,0.24,True
2019-01-02 12:55:00,2019-01-02 12:55:00,145469,61.354,174.169,26.0,9.2,0.24,True
2019-01-02 14:09:00,2019-01-02 14:09:00,145469,61.357,174.163,23.0,9.2,0.12,True
2019-01-02 14:32:00,2019-01-02 14:32:00,145469,61.358,174.149,23.0,9.2,0.16,True
2019-01-02 15:49:00,2019-01-02 15:49:00,145469,61.363,174.135,23.0,9.2,0.24,True
2019-01-02 16:12:00,2019-01-02 16:12:00,145469,61.364,174.124,23.0,9.2,0.24,True
2019-01-02 17:04:00,2019-01-02 17:04:00,145469,61.364,174.121,23.0,9.2,0.24,True
2019-01-02 17:29:00,2019-01-02 17:29:00,145469,61.362,174.116,23.0,9.2,0.24,True
2019-01-02 17:56:00,2019-01-02 17:56:00,145469,61.363,174.115,23.0,9.2,0.24,True
2019-01-02 18:42:00,2019-01-02 18:42:00,145469,61.358,174.110,22.0,9.2,0.24,True
2019-01-02 19:11:00,2019-01-02 19:11:00,145469,61.356,174.108,22.0,9.2,0.24,True
2019-01-02 19:23:00,2019-01-02 19:23:00,145469,61.356,174.108,22.0,9.2,0.24,True
2019-01-02 19:34:00,2019-01-02 19:34:00,145469,61.357,174.112,22.0,9.2,0.24,True
2019-01-02 19:52:00,2019-01-02 19:52:00,145469,61.355,174.105,22.0,9.2,0.24,True
2019-01-02 20:28:00,2019-01-02 20:28:00,145469,61.347,174.109,22.0,9.0,0.28,True
2019-01-02 20:22:00,2019-01-02 20:22:00,145469,61.349,174.105,22.0,9.0,0.24,True
2019-01-02 20:51:00,2019-01-02 20:51:00,145469,61.346,174.122,22.0,9.0,0.28,True
2019-01-02 21:11:00,2019-01-02 21:11:00,145469,61.348,174.113,22.0,9.0,0.28,True
2019-01-02 21:32:00,2019-01-02 21:32:00,145469,61.346,174.111,22.0,9.2,0.28,True
2019-01-02 22:04:00,2019-01-02 22:04:00,145469,61.343,174.112,27.0,9.2,0.28,True
2019-01-02 22:05:00,2019-01-02 22:05:00,145469,61.345,174.120,27.0,9.2,0.28,True
2019-01-02 22:30:00,2019-01-02 22:30:00,145469,61.345,174.119,27.0,9.2,0.28,True
2019-01-02 22:40:00,2019-01-02 22:40:00,145469,61.342,174.130,27.0,9.2,0.28,True
2019-01-02 23:12:00,2019-01-02 23:12:00,145469,61.342,174.134,27.0,9.2,0.28,True
2019-01-02 23:42:00,2019-01-02 23:42:00,145469,61.343,174.133,27.0,9.2,0.28,True
2019-01-02 23:46:00,2019-01-02 23:46:00,145469,61.343,174.132,27.0,9.2,0.28,True
2019-01-03 00:08:00,2019-01-03 00:08:00,145469,61.341,174.138,27.0,9.2,0.28,True
2019-01-03 00:18:00,2019-01-03 00:18:00,145469,61.347,174.138,27.0,9.2,0.28,True
2019-01-03 00:52:00,2019-01-03 00:52:00,145469,61.348,174.146,27.0,9.2,0.28,True
2019-01-03 01:20:00,2019-01-03 01:20:00,145469,61.344,174.127,27.0,9.2,0.24,True
2019-01-03 01:46:00,2019-01-03 01:46:00,145469,61.351,174.135,27.0,9.2,0.24,True
2019-01-03 01:59:00,2019-01-03 01:59:00,145469,61.352,174.130,27.0,9.2,0.24,True
2019-01-03 02:55:00,2019-01-03 02:55:00,145469,61.351,174.134,26.0,9.2,0.24,True
2019-01-03 03:27:00,2019-01-03 03:27:00,145469,61.352,174.148,26.0,9.2,0.24,True
2019-01-03 03:40:00,2019-01-03 03:40:00,145469,61.347,174.134,26.0,9.2,0.24,True
2019-01-03 04:08:00,2019-01-03 04:08:00,145469,61.357,174.143,26.0,9.2,0.24,True
2019-01-03 04:14:00,2019-01-03 04:14:00,145469,61.354,174.143,26.0,9.2,0.24,True
2019-01-03 04:40:00,2019-01-03 04:40:00,145469,61.355,174.141,26.0,9.2,0.24,True
2019-01-03 05:11:00,2019-01-03 05:11:00,145469,61.360,174.150,26.0,9.2,0.24,True
2019-01-03 05:14:00,2019-01-03 05:14:00,145469,61.356,174.144,26.0,9.2,0.24,True
2019-01-03 05:48:00,2019-01-03 05:48:00,145469,61.354,174.150,26.0,9.2,0.24,True
2019-01-03 05:56:00,2019-01-03 05:56:00,145469,61.356,174.149,26.0,9.2,0.24,True
2019-01-03 06:17:00,2019-01-03 06:17:00,145469,61.354,174.156,24.0,9.2,0.24,True
2019-01-03 06:22:00,2019-01-03 06:22:00,145469,61.356,174.152,24.0,9.2,0.24,True
2019-01-03 06:54:00,2019-01-03 06:54:00,145469,61.355,174.153,24.0,9.2,0.24,True
2019-01-03 07:28:00,2019-01-03 07:28:00,145469,61.354,174.164,24.0,9.2,0.08,True
2019-01-03 07:30:00,2019-01-03 07:30:00,145469,61.353,174.164,24.0,9.2,0.08,True
2019-01-03 07:58:00,2019-01-03 07:58:00,145469,61.348,174.160,24.0,9.2,0.08,True
2019-01-03 08:35:00,2019-01-03 08:35:00,145469,61.353,174.184,24.0,9.2,0.04,True
2019-01-03 09:13:00,2019-01-03 09:13:00,145469,61.353,174.193,24.0,9.2,0.04,True
2019-01-03 09:12:00,2019-01-03 09:12:00,145469,61.350,174.188,24.0,9.2,0.04,True
2019-01-03 09:41:00,2019-01-03 09:41:00,145469,61.353,174.211,24.0,9.2,0.04,True
2019-01-03 10:16:00,2019-01-03 10:16:00,145469,61.354,174.233,29.0,9.2,0.04,True
2019-01-03 13:57:00,2019-01-03 13:57:00,145469,61.382,174.288,29.0,9.0,0.12,True
2019-01-03 14:02:00,2019-01-03 14:02:00,145469,61.374,174.284,29.0,9.0,0.12,True
2019-01-03 15:39:00,2019-01-03 15:39:00,145469,61.389,174.296,29.0,9.2,0.16,True
2019-01-03 15:38:00,2019-01-03 15:38:00,145469,61.387,174.289,29.0,9.2,0.16,True
2019-01-03 16:43:00,2019-01-03 16:43:00,145469,61.395,174.289,29.0,9.2,0.20,True
2019-01-03 17:24:00,2019-01-03 17:24:00,145469,61.397,174.279,29.0,9.2,0.24,True
2019-01-03 18:21:00,2019-01-03 18:21:00,145469,61.398,174.275,29.0,9.2,0.24,True
2019-01-03 19:04:00,2019-01-03 19:04:00,145469,61.397,174.273,29.0,9.2,0.24,True
2019-01-03 19:01:00,2019-01-03 19:01:00,145469,61.398,174.276,29.0,9.2,0.24,True
2019-01-03 19:00:00,2019-01-03 19:00:00,145469,61.398,174.272,29.0,9.2,0.24,True
2019-01-03 19:39:00,2019-01-03 19:39:00,145469,61.394,174.275,29.0,9.2,0.24,True
2019-01-03 20:05:00,2019-01-03 20:05:00,145469,61.392,174.273,29.0,9.2,0.20,True
2019-01-03 20:39:00,2019-01-03 20:39:00,145469,61.389,174.266,29.0,9.2,0.20,True
2019-01-03 21:20:00,2019-01-03 21:20:00,145469,61.386,174.282,29.0,9.2,0.24,True
2019-01-03 21:39:00,2019-01-03 21:39:00,145469,61.386,174.279,29.0,9.2,0.20,True
2019-01-03 21:46:00,2019-01-03 21:46:00,145469,61.383,174.280,29.0,9.2,0.20,True
2019-01-03 22:23:00,2019-01-03 22:23:00,145469,61.380,174.279,31.0,9.2,0.20,True
2019-01-03 23:00:00,2019-01-03 23:00:00,145469,61.376,174.284,31.0,9.2,0.20,True
2019-01-03 23:15:00,2019-01-03 23:15:00,145469,61.373,174.280,31.0,9.2,0.20,True
2019-01-03 23:25:00,2019-01-03 23:25:00,145469,61.380,174.290,31.0,9.2,0.24,True
2019-01-04 00:55:00,2019-01-04 00:55:00,145469,61.380,174.303,31.0,9.2,0.20,True
2019-01-04 01:40:00,2019-01-04 01:40:00,145469,61.377,174.316,31.0,9.2,0.16,True
2019-01-04 01:35:00,2019-01-04 01:35:00,145469,61.372,174.321,31.0,9.2,0.16,True
2019-01-04 02:21:00,2019-01-04 02:21:00,145469,61.380,174.320,29.0,9.2,0.16,True
2019-01-04 02:32:00,2019-01-04 02:32:00,145469,61.381,174.317,29.0,9.2,0.16,True
2019-01-04 03:20:00,2019-01-04 03:20:00,145469,61.384,174.306,29.0,9.2,0.20,True
2019-01-04 03:15:00,2019-01-04 03:15:00,145469,61.382,174.311,29.0,9.2,0.20,True
2019-01-04 03:58:00,2019-01-04 03:58:00,145469,61.383,174.319,29.0,9.2,0.20,True
2019-01-04 04:14:00,2019-01-04 04:14:00,145469,61.381,174.315,29.0,9.2,0.24,True
2019-01-04 04:25:00,2019-01-04 04:25:00,145469,61.386,174.319,29.0,9.2,0.24,True
2019-01-04 04:57:00,2019-01-04 04:57:00,145469,61.393,174.315,29.0,9.2,0.20,True
2019-01-04 04:59:00,2019-01-04 04:59:00,145469,61.391,174.316,29.0,9.2,0.20,True
2019-01-04 05:19:00,2019-01-04 05:19:00,145469,61.386,174.314,29.0,9.2,0.20,True
2019-01-04 05:35:00,2019-01-04 05:35:00,145469,61.376,174.329,29.0,9.2,0.20,True
2019-01-04 06:33:00,2019-01-04 06:33:00,145469,61.388,174.309,31.0,9.0,0.20,True
2019-01-04 06:58:00,2019-01-04 06:58:00,145469,61.385,174.317,31.0,9.0,0.20,True
2019-01-04 07:16:00,2019-01-04 07:16:00,145469,61.383,174.321,31.0,9.2,0.20,True
2019-01-04 07:43:00,2019-01-04 07:43:00,145469,61.386,174.319,31.0,9.2,0.20,True
2019-01-04 08:13:00,2019-01-04 08:13:00,145469,61.384,174.335,31.0,9.2,0.24,True
2019-01-04 08:38:00,2019-01-04 08:38:00,145469,61.381,174.328,31.0,9.2,0.24,True
2019-01-04 09:01:00,2019-01-04 09:01:00,145469,61.386,174.341,31.0,9.2,0.32,True
2019-01-04 09:21:00,2019-01-04 09:21:00,145469,61.385,174.337,31.0,9.2,0.36,True
2019-01-04 10:21:00,2019-01-04 10:21:00,145469,61.383,174.357,29.0,9.2,0.32,True
2019-01-04 11:57:00,2019-01-04 11:57:00,145469,61.382,174.357,29.0,9.2,0.32,True
2019-01-04 13:31:00,2019-01-04 13:31:00,145469,61.403,174.397,29.0,9.2,0.40,True
2019-01-04 13:46:00,2019-01-04 13:46:00,145469,61.409,174.397,29.0,9.2,0.40,True
2019-01-04 15:13:00,2019-01-04 15:13:00,145469,61.417,174.389,29.0,9.2,0.36,True
2019-01-04 15:26:00,2019-01-04 15:26:00,145469,61.420,174.390,29.0,9.2,0.28,True
2019-01-04 16:51:00,2019-01-04 16:51:00,145469,61.426,174.377,29.0,9.2,0.28,True
2019-01-04 17:06:00,2019-01-04 17:06:00,145469,61.430,174.367,29.0,9.2,0.28,True
2019-01-04 17:49:00,2019-01-04 17:49:00,145469,61.439,174.347,29.0,9.2,0.28,True
2019-01-04 17:56:00,2019-01-04 17:56:00,145469,61.431,174.362,29.0,9.2,0.28,True
2019-01-04 18:28:00,2019-01-04 18:28:00,145469,61.432,174.351,29.0,9.2,0.32,True
2019-01-04 18:40:00,2019-01-04 18:40:00,145469,61.439,174.360,29.0,9.2,0.32,True
2019-01-04 18:47:00,2019-01-04 18:47:00,145469,61.434,174.350,29.0,9.2,0.28,True
2019-01-04 19:37:00,2019-01-04 19:37:00,145469,61.433,174.332,29.0,9.2,0.24,True
2019-01-04 20:17:00,2019-01-04 20:17:00,145469,61.432,174.330,29.0,9.2,0.20,True
2019-01-04 20:27:00,2019-01-04 20:27:00,145469,61.433,174.325,29.0,9.2,0.16,True
2019-01-04 21:18:00,2019-01-04 21:18:00,145469,61.427,174.307,29.0,9.2,0.16,True
2019-01-04 21:07:00,2019-01-04 21:07:00,145469,61.430,174.322,29.0,9.2,0.16,True
2019-01-04 22:07:00,2019-01-04 22:07:00,145469,61.429,174.317,29.0,9.2,0.16,True
2019-01-04 22:55:00,2019-01-04 22:55:00,145469,61.420,174.313,29.0,9.2,0.16,True
2019-01-04 22:48:00,2019-01-04 22:48:00,145469,61.420,174.314,29.0,9.2,0.16,True
2019-01-04 23:06:00,2019-01-04 23:06:00,145469,61.420,174.321,29.0,9.2,0.16,True
2019-01-04 23:37:00,2019-01-04 23:37:00,145469,61.419,174.310,29.0,9.0,0.16,True
2019-01-04 23:44:00,2019-01-04 23:44:00,145469,61.415,174.314,29.0,9.0,0.16,True
2019-01-05 00:30:00,2019-01-05 00:30:00,145469,61.418,174.322,29.0,9.2,0.20,True
2019-01-05 00:29:00,2019-01-05 00:29:00,145469,61.417,174.326,29.0,9.2,0.20,True
2019-01-05 01:18:00,2019-01-05 01:18:00,145469,61.412,174.337,29.0,9.2,0.16,True
2019-01-05 01:24:00,2019-01-05 01:24:00,145469,61.414,174.323,29.0,9.2,0.20,True
2019-01-05 02:09:00,2019-01-05 02:09:00,145469,61.409,174.321,26.0,9.2,0.20,True
2019-01-05 02:09:00,2019-01-05 02:09:00,145469,61.408,174.321,26.0,9.2,0.20,True
2019-01-05 03:03:00,2019-01-05 03:03:00,145469,61.422,174.298,26.0,9.2,0.16,True
2019-01-05 03:51:00,2019-01-05 03:51:00,145469,61.420,174.330,26.0,9.2,0.16,True
2019-01-05 04:37:00,2019-01-05 04:37:00,145469,61.422,174.335,26.0,9.2,0.16,True
2019-01-05 04:51:00,2019-01-05 04:51:00,145469,61.422,174.331,26.0,9.2,0.20,True
2019-01-05 04:48:00,2019-01-05 04:48:00,145469,61.423,174.335,26.0,9.2,0.20,True
2019-01-05 05:27:00,2019-01-05 05:27:00,145469,61.422,174.335,26.0,9.2,0.20,True
2019-01-05 05:39:00,2019-01-05 05:39:00,145469,61.425,174.329,26.0,9.2,0.16,True
2019-01-05 06:12:00,2019-01-05 06:12:00,145469,61.426,174.332,26.0,9.2,0.12,True
2019-01-05 06:27:00,2019-01-05 06:27:00,145469,61.424,174.331,26.0,9.2,0.08,True
2019-01-05 07:10:00,2019-01-05 07:10:00,145469,61.429,174.335,26.0,9.2,0.12,True
2019-01-05 07:11:00,2019-01-05 07:11:00,145469,61.426,174.337,26.0,9.2,0.12,True
2019-01-05 07:24:00,2019-01-05 07:24:00,145469,61.425,174.335,26.0,9.2,0.12,True
2019-01-05 07:52:00,2019-01-05 07:52:00,145469,61.423,174.358,26.0,9.2,0.12,True
2019-01-05 08:07:00,2019-01-05 08:07:00,145469,61.427,174.347,26.0,9.2,0.12,True
2019-01-05 08:52:00,2019-01-05 08:52:00,145469,61.422,174.348,26.0,9.2,0.16,True
2019-01-05 09:34:00,2019-01-05 09:34:00,145469,61.425,174.352,26.0,9.2,0.20,True
2019-01-05 09:50:00,2019-01-05 09:50:00,145469,61.426,174.357,26.0,9.2,0.20,True
2019-01-05 11:27:00,2019-01-05 11:27:00,145469,61.430,174.374,28.0,9.2,0.12,True
2019-01-05 14:38:00,2019-01-05 14:38:00,145469,61.448,174.433,30.0,9.2,0.16,True
2019-01-05 15:15:00,2019-01-05 15:15:00,145469,61.454,174.432,30.0,9.2,0.16,True
2019-01-05 16:16:00,2019-01-05 16:16:00,145469,61.461,174.439,30.0,9.0,0.16,True
2019-01-05 16:55:00,2019-01-05 16:55:00,145469,61.473,174.422,30.0,9.0,0.16,True
2019-01-05 17:29:00,2019-01-05 17:29:00,145469,61.472,174.412,30.0,9.2,0.16,True
2019-01-05 18:05:00,2019-01-05 18:05:00,145469,61.483,174.416,31.0,9.2,0.16,True
2019-01-05 18:36:00,2019-01-05 18:36:00,145469,61.481,174.400,31.0,9.2,0.16,True
2019-01-05 19:08:00,2019-01-05 19:08:00,145469,61.486,174.397,31.0,9.2,0.16,True
2019-01-05 19:17:00,2019-01-05 19:17:00,145469,61.482,174.397,31.0,9.2,0.16,True
2019-01-05 19:55:00,2019-01-05 19:55:00,145469,61.490,174.390,31.0,9.2,0.16,True
2019-01-05 20:16:00,2019-01-05 20:16:00,145469,61.488,174.367,31.0,9.2,0.16,True
2019-01-05 20:47:00,2019-01-05 20:47:00,145469,61.488,174.375,31.0,9.2,0.16,True
2019-01-05 20:56:00,2019-01-05 20:56:00,145469,61.486,174.370,31.0,9.2,0.16,True
2019-01-05 21:03:00,2019-01-05 21:03:00,145469,61.487,174.377,31.0,9.2,0.16,True
2019-01-05 21:41:00,2019-01-05 21:41:00,145469,61.484,174.368,31.0,9.2,0.16,True
2019-01-05 21:57:00,2019-01-05 21:57:00,145469,61.484,174.352,31.0,9.2,0.16,True
2019-01-05 22:26:00,2019-01-05 22:26:00,145469,61.480,174.365,37.0,9.2,0.16,True
2019-01-05 22:37:00,2019-01-05 22:37:00,145469,61.482,174.374,37.0,9.2,0.16,True
2019-01-05 22:50:00,2019-01-05 22:50:00,145469,61.484,174.378,37.0,9.2,0.16,True
2019-01-05 23:29:00,2019-01-05 23:29:00,145469,61.481,174.371,37.0,9.2,0.16,True
2019-01-05 23:34:00,2019-01-05 23:34:00,145469,61.480,174.367,37.0,9.2,0.16,True
2019-01-06 00:18:00,2019-01-06 00:18:00,145469,61.480,174.358,37.0,9.2,0.16,True
2019-01-06 00:57:00,2019-01-06 00:57:00,145469,61.482,174.379,37.0,9.2,0.16,True
2019-01-06 01:17:00,2019-01-06 01:17:00,145469,61.482,174.383,37.0,9.2,0.16,True
2019-01-06 01:43:00,2019-01-06 01:43:00,145469,61.484,174.383,37.0,9.2,0.16,True
2019-01-06 03:34:00,2019-01-06 03:34:00,145469,61.490,174.405,35.0,9.2,0.16,True
2019-01-06 04:23:00,2019-01-06 04:23:00,145469,61.479,174.416,35.0,9.2,0.16,True
2019-01-06 04:40:00,2019-01-06 04:40:00,145469,61.490,174.409,35.0,9.2,0.16,True
2019-01-06 05:13:00,2019-01-06 05:13:00,145469,61.492,174.425,35.0,9.2,0.12,True
2019-01-06 05:52:00,2019-01-06 05:52:00,145469,61.489,174.435,35.0,9.2,0.12,True
2019-01-06 06:03:00,2019-01-06 06:03:00,145469,61.496,174.434,34.0,9.2,0.16,True
2019-01-06 06:43:00,2019-01-06 06:43:00,145469,61.499,174.443,34.0,9.2,0.16,True
2019-01-06 06:59:00,2019-01-06 06:59:00,145469,61.499,174.446,34.0,9.2,0.12,True
2019-01-06 07:32:00,2019-01-06 07:32:00,145469,61.498,174.464,34.0,9.2,0.12,True
2019-01-06 07:35:00,2019-01-06 07:35:00,145469,61.500,174.464,34.0,9.2,0.12,True
2019-01-06 08:40:00,2019-01-06 08:40:00,145469,61.499,174.484,34.0,9.2,0.12,True
2019-01-06 08:44:00,2019-01-06 08:44:00,145469,61.500,174.487,34.0,9.2,0.12,True
2019-01-06 09:13:00,2019-01-06 09:13:00,145469,61.505,174.490,34.0,9.0,0.12,True
2019-01-06 09:14:00,2019-01-06 09:14:00,145469,61.503,174.490,34.0,9.0,0.12,True
2019-01-06 14:08:00,2019-01-06 14:08:00,145469,61.515,174.621,36.0,9.2,0.12,True
2019-01-06 15:03:00,2019-01-06 15:03:00,145469,61.529,174.644,36.0,9.2,0.12,True
2019-01-06 15:51:00,2019-01-06 15:51:00,145469,61.532,174.661,36.0,9.2,0.16,True
2019-01-06 16:44:00,2019-01-06 16:44:00,145469,61.541,174.665,36.0,9.2,0.20,True
2019-01-06 17:03:00,2019-01-06 17:03:00,145469,61.545,174.664,36.0,9.2,0.20,True
2019-01-06 17:31:00,2019-01-06 17:31:00,145469,61.544,174.675,36.0,9.2,0.20,True
2019-01-06 18:24:00,2019-01-06 18:24:00,145469,61.552,174.670,34.0,9.2,0.20,True
2019-01-06 19:09:00,2019-01-06 19:09:00,145469,61.554,174.662,34.0,9.2,0.20,True
2019-01-06 19:05:00,2019-01-06 19:05:00,145469,61.553,174.674,34.0,9.2,0.20,True
2019-01-06 19:40:00,2019-01-06 19:40:00,145469,61.562,174.678,34.0,9.2,0.20,True
2019-01-06 20:06:00,2019-01-06 20:06:00,145469,61.564,174.642,34.0,9.2,0.20,True
2019-01-06 20:47:00,2019-01-06 20:47:00,145469,61.561,174.661,34.0,9.2,0.20,True
2019-01-06 20:45:00,2019-01-06 20:45:00,145469,61.561,174.663,34.0,9.2,0.20,True
2019-01-06 21:21:00,2019-01-06 21:21:00,145469,61.558,174.667,34.0,9.2,0.16,True
2019-01-06 21:45:00,2019-01-06 21:45:00,145469,61.556,174.656,34.0,9.2,0.20,True
2019-01-06 22:02:00,2019-01-06 22:02:00,145469,61.557,174.662,35.0,9.2,0.20,True
2019-01-06 22:24:00,2019-01-06 22:24:00,145469,61.560,174.682,35.0,9.2,0.20,True
2019-01-06 22:26:00,2019-01-06 22:26:00,145469,61.555,174.657,35.0,9.2,0.20,True
2019-01-06 22:56:00,2019-01-06 22:56:00,145469,61.552,174.654,35.0,9.2,0.20,True
2019-01-07 00:03:00,2019-01-07 00:03:00,145469,61.545,174.637,35.0,9.2,0.20,True
2019-01-07 00:06:00,2019-01-07 00:06:00,145469,61.542,174.654,35.0,9.2,0.20,True
2019-01-07 00:40:00,2019-01-07 00:40:00,145469,61.538,174.652,35.0,9.2,0.20,True
2019-01-07 01:02:00,2019-01-07 01:02:00,145469,61.548,174.648,35.0,9.2,0.20,True
2019-01-07 01:46:00,2019-01-07 01:46:00,145469,61.546,174.646,35.0,9.2,0.20,True
2019-01-07 02:47:00,2019-01-07 02:47:00,145469,61.542,174.652,32.0,9.0,0.20,True
2019-01-07 02:56:00,2019-01-07 02:56:00,145469,61.540,174.659,32.0,9.0,0.20,True
2019-01-07 03:51:00,2019-01-07 03:51:00,145469,61.538,174.636,32.0,9.2,0.20,True
2019-01-07 04:28:00,2019-01-07 04:28:00,145469,61.543,174.644,32.0,9.2,0.20,True
2019-01-07 04:39:00,2019-01-07 04:39:00,145469,61.547,174.649,32.0,9.2,0.20,True
2019-01-07 05:03:00,2019-01-07 05:03:00,145469,61.550,174.641,32.0,9.2,0.16,True
2019-01-07 05:32:00,2019-01-07 05:32:00,145469,61.550,174.645,32.0,9.2,0.20,True
2019-01-07 05:31:00,2019-01-07 05:31:00,145469,61.551,174.646,32.0,9.2,0.20,True
2019-01-07 06:17:00,2019-01-07 06:17:00,145469,61.552,174.647,35.0,9.2,0.20,True
2019-01-07 06:42:00,2019-01-07 06:42:00,145469,61.555,174.634,35.0,9.2,0.16,True
2019-01-07 07:10:00,2019-01-07 07:10:00,145469,61.556,174.616,35.0,9.2,0.20,True
2019-01-07 07:05:00,2019-01-07 07:05:00,145469,61.552,174.622,35.0,9.2,0.16,True
2019-01-07 08:22:00,2019-01-07 08:22:00,145469,61.556,174.620,35.0,9.2,0.16,True
2019-01-07 08:28:00,2019-01-07 08:28:00,145469,61.556,174.614,35.0,9.2,0.16,True
2019-01-07 08:44:00,2019-01-07 08:44:00,145469,61.558,174.610,35.0,9.2,0.16,True
2019-01-07 08:53:00,2019-01-07 08:53:00,145469,61.557,174.612,35.0,9.2,0.16,True
2019-01-07 10:27:00,2019-01-07 10:27:00,145469,61.559,174.598,31.0,9.2,0.16,True
2019-01-07 10:34:00,2019-01-07 10:34:00,145469,61.557,174.600,31.0,9.2,0.16,True
2019-01-07 12:04:00,2019-01-07 12:04:00,145469,61.552,174.590,31.0,9.2,0.16,True
2019-01-07 13:39:00,2019-01-07 13:39:00,145469,61.552,174.593,31.0,9.2,0.12,True
2019-01-07 14:52:00,2019-01-07 14:52:00,145469,61.559,174.599,34.0,9.2,0.12,True
2019-01-07 15:20:00,2019-01-07 15:20:00,145469,61.565,174.613,34.0,9.2,0.12,True
2019-01-07 16:43:00,2019-01-07 16:43:00,145469,61.575,174.611,34.0,9.2,0.12,True
2019-01-07 16:32:00,2019-01-07 16:32:00,145469,61.575,174.608,34.0,9.2,0.12,True
2019-01-07 16:53:00,2019-01-07 16:53:00,145469,61.577,174.612,34.0,9.2,0.12,True
2019-01-07 18:14:00,2019-01-07 18:14:00,145469,61.587,174.576,39.0,9.2,0.12,True
2019-01-07 18:21:00,2019-01-07 18:21:00,145469,61.587,174.593,39.0,9.2,0.12,True
2019-01-07 18:52:00,2019-01-07 18:52:00,145469,61.587,174.577,39.0,9.2,0.08,True
2019-01-07 19:20:00,2019-01-07 19:20:00,145469,61.595,174.575,39.0,9.0,0.08,True
2019-01-07 19:53:00,2019-01-07 19:53:00,145469,61.592,174.556,39.0,9.0,0.08,True
2019-01-07 20:32:00,2019-01-07 20:32:00,145469,61.594,174.566,39.0,9.2,0.08,True
2019-01-07 20:57:00,2019-01-07 20:57:00,145469,61.593,174.550,39.0,9.2,0.08,True
2019-01-07 21:33:00,2019-01-07 21:33:00,145469,61.592,174.540,39.0,9.2,0.08,True
2019-01-07 21:40:00,2019-01-07 21:40:00,145469,61.596,174.543,39.0,9.2,0.08,True
2019-01-07 22:02:00,2019-01-07 22:02:00,145469,61.591,174.516,33.0,9.2,0.08,True
2019-01-07 22:13:00,2019-01-07 22:13:00,145469,61.588,174.531,33.0,9.2,0.08,True
2019-01-07 23:12:00,2019-01-07 23:12:00,145469,61.581,174.517,33.0,9.2,0.08,True
2019-01-07 23:18:00,2019-01-07 23:18:00,145469,61.589,174.533,33.0,9.2,0.08,True
2019-01-07 23:42:00,2019-01-07 23:42:00,145469,61.583,174.514,33.0,9.2,0.08,True
2019-01-08 00:16:00,2019-01-08 00:16:00,145469,61.574,174.522,33.0,9.2,0.08,True
2019-01-08 00:50:00,2019-01-08 00:50:00,145469,61.578,174.513,33.0,9.2,0.08,True
2019-01-08 01:35:00,2019-01-08 01:35:00,145469,61.573,174.505,33.0,9.2,0.08,True
2019-01-08 01:55:00,2019-01-08 01:55:00,145469,61.567,174.503,33.0,9.2,0.08,True
2019-01-08 02:31:00,2019-01-08 02:31:00,145469,61.568,174.517,34.0,9.2,0.08,True
2019-01-08 02:29:00,2019-01-08 02:29:00,145469,61.568,174.520,34.0,9.2,0.08,True
2019-01-08 03:13:00,2019-01-08 03:13:00,145469,61.572,174.530,34.0,9.2,0.04,True
2019-01-08 03:37:00,2019-01-08 03:37:00,145469,61.570,174.522,34.0,9.2,0.04,True
2019-01-08 04:09:00,2019-01-08 04:09:00,145469,61.566,174.541,34.0,9.2,0.04,True
2019-01-08 04:16:00,2019-01-08 04:16:00,145469,61.565,174.537,34.0,9.2,0.04,True
2019-01-08 04:51:00,2019-01-08 04:51:00,145469,61.567,174.543,34.0,9.2,0.04,True
2019-01-08 05:05:00,2019-01-08 05:05:00,145469,61.568,174.541,34.0,9.2,0.04,True
2019-01-08 05:10:00,2019-01-08 05:10:00,145469,61.568,174.545,34.0,9.2,0.04,True
2019-01-08 05:52:00,2019-01-08 05:52:00,145469,61.567,174.548,34.0,9.2,0.04,True
2019-01-08 06:18:00,2019-01-08 06:18:00,145469,61.568,174.548,33.0,9.2,0.04,True
2019-01-08 06:30:00,2019-01-08 06:30:00,145469,61.572,174.543,33.0,9.2,0.04,True
2019-01-08 06:39:00,2019-01-08 06:39:00,145469,61.571,174.542,33.0,9.2,0.04,True
2019-01-08 06:49:00,2019-01-08 06:49:00,145469,61.574,174.545,33.0,9.2,0.04,True
2019-01-08 08:06:00,2019-01-08 08:06:00,145469,61.569,174.563,33.0,9.2,0.04,True
2019-01-08 08:19:00,2019-01-08 08:19:00,145469,61.575,174.532,33.0,9.2,0.04,True
2019-01-08 08:12:00,2019-01-08 08:12:00,145469,61.574,174.553,33.0,9.2,0.04,True
2019-01-08 08:31:00,2019-01-08 08:31:00,145469,61.572,174.552,33.0,9.2,0.04,True
2019-01-08 09:51:00,2019-01-08 09:51:00,145469,61.569,174.543,33.0,9.2,0.04,True
2019-01-08 11:33:00,2019-01-08 11:33:00,145469,61.571,174.548,33.0,9.2,0.04,True
2019-01-08 13:07:00,2019-01-08 13:07:00,145469,61.565,174.573,33.0,9.0,0.04,True
2019-01-08 14:40:00,2019-01-08 14:40:00,145469,61.565,174.594,34.0,9.2,0.04,True
2019-01-08 14:46:00,2019-01-08 14:46:00,145469,61.572,174.590,34.0,9.2,0.04,True
2019-01-08 16:22:00,2019-01-08 16:22:00,145469,61.578,174.598,34.0,9.2,0.04,True
2019-01-08 16:23:00,2019-01-08 16:23:00,145469,61.574,174.606,34.0,9.2,0.04,True
2019-01-08 17:58:00,2019-01-08 17:58:00,145469,61.589,174.600,34.0,9.2,0.04,True
2019-01-08 18:41:00,2019-01-08 18:41:00,145469,61.591,174.589,35.0,9.2,0.04,True
2019-01-08 18:57:00,2019-01-08 18:57:00,145469,61.590,174.585,35.0,9.2,0.04,True
2019-01-08 19:36:00,2019-01-08 19:36:00,145469,61.597,174.585,35.0,9.2,0.04,True
2019-01-08 19:41:00,2019-01-08 19:41:00,145469,61.596,174.559,35.0,9.2,0.04,True
2019-01-08 20:02:00,2019-01-08 20:02:00,145469,61.597,174.569,35.0,9.2,0.04,True
2019-01-08 20:21:00,2019-01-08 20:21:00,145469,61.604,174.561,35.0,9.2,0.04,True
2019-01-08 20:47:00,2019-01-08 20:47:00,145469,61.599,174.554,35.0,9.2,0.04,True
2019-01-08 21:16:00,2019-01-08 21:16:00,145469,61.600,174.550,35.0,9.2,0.04,True
2019-01-08 21:22:00,2019-01-08 21:22:00,145469,61.602,174.541,35.0,9.2,0.04,True
2019-01-08 22:01:00,2019-01-08 22:01:00,145469,61.604,174.525,31.0,9.2,0.04,True
2019-01-08 22:52:00,2019-01-08 22:52:00,145469,61.608,174.505,31.0,9.2,0.04,True
2019-01-08 23:01:00,2019-01-08 23:01:00,145469,61.605,174.502,31.0,9.2,0.04,True
2019-01-08 23:42:00,2019-01-08 23:42:00,145469,61.599,174.495,31.0,9.2,0.04,True
2019-01-09 00:38:00,2019-01-09 00:38:00,145469,61.595,174.473,31.0,9.2,0.04,True
2019-01-09 01:35:00,2019-01-09 01:35:00,145469,61.597,174.448,31.0,9.2,0.04,True
2019-01-09 02:17:00,2019-01-09 02:17:00,145469,61.594,174.454,28.0,9.2,0.04,True
2019-01-09 03:02:00,2019-01-09 03:02:00,145469,61.594,174.453,28.0,9.2,0.04,True
2019-01-09 03:15:00,2019-01-09 03:15:00,145469,61.594,174.453,28.0,9.2,0.04,True
2019-01-09 03:45:00,2019-01-09 03:45:00,145469,61.592,174.439,28.0,9.2,0.04,True
2019-01-09 04:04:00,2019-01-09 04:04:00,145469,61.595,174.453,28.0,9.2,0.04,True
2019-01-09 04:29:00,2019-01-09 04:29:00,145469,61.592,174.440,28.0,9.2,0.04,True
2019-01-09 04:39:00,2019-01-09 04:39:00,145469,61.594,174.438,28.0,9.2,0.04,True
2019-01-09 04:56:00,2019-01-09 04:56:00,145469,61.595,174.429,28.0,9.2,0.04,True
2019-01-09 05:22:00,2019-01-09 05:22:00,145469,61.595,174.445,28.0,9.0,0.04,True
2019-01-09 05:43:00,2019-01-09 05:43:00,145469,61.606,174.438,28.0,9.0,0.04,True
2019-01-09 06:18:00,2019-01-09 06:18:00,145469,61.599,174.419,38.0,9.2,0.04,True
2019-01-09 06:30:00,2019-01-09 06:30:00,145469,61.601,174.412,38.0,9.2,0.04,True
2019-01-09 07:10:00,2019-01-09 07:10:00,145469,61.608,174.404,38.0,9.2,0.04,True
2019-01-09 07:42:00,2019-01-09 07:42:00,145469,61.610,174.398,38.0,9.2,0.04,True
2019-01-09 09:20:00,2019-01-09 09:20:00,145469,61.617,174.369,38.0,9.2,0.04,True
2019-01-09 09:26:00,2019-01-09 09:26:00,145469,61.618,174.362,38.0,9.2,0.04,True
2019-01-09 12:37:00,2019-01-09 12:37:00,145469,61.624,174.329,39.0,9.2,0.04,True
2019-01-09 14:14:00,2019-01-09 14:14:00,145469,61.630,174.307,33.0,9.2,0.04,True
2019-01-09 14:28:00,2019-01-09 14:28:00,145469,61.628,174.309,33.0,9.2,0.04,True
2019-01-09 15:51:00,2019-01-09 15:51:00,145469,61.634,174.320,33.0,9.2,0.04,True
2019-01-09 16:09:00,2019-01-09 16:09:00,145469,61.640,174.306,33.0,9.2,0.04,True
2019-01-09 17:33:00,2019-01-09 17:33:00,145469,61.650,174.292,33.0,9.2,0.04,True
2019-01-09 17:38:00,2019-01-09 17:38:00,145469,61.652,174.290,33.0,9.2,0.04,True
2019-01-09 17:50:00,2019-01-09 17:50:00,145469,61.659,174.290,33.0,9.2,0.04,True
2019-01-09 18:30:00,2019-01-09 18:30:00,145469,61.655,174.280,35.0,9.2,0.04,True
2019-01-09 19:10:00,2019-01-09 19:10:00,145469,61.662,174.261,35.0,9.2,0.04,True
2019-01-09 19:15:00,2019-01-09 19:15:00,145469,61.666,174.272,35.0,9.2,0.04,True
2019-01-09 19:30:00,2019-01-09 19:30:00,145469,61.660,174.265,35.0,9.2,0.04,True
2019-01-09 20:09:00,2019-01-09 20:09:00,145469,61.667,174.235,35.0,9.2,0.04,True
2019-01-09 21:10:00,2019-01-09 21:10:00,145469,61.667,174.208,35.0,9.2,0.04,True
2019-01-09 21:21:00,2019-01-09 21:21:00,145469,61.672,174.223,35.0,9.2,0.04,True
2019-01-09 21:50:00,2019-01-09 21:50:00,145469,61.666,174.200,35.0,9.2,0.04,True
2019-01-09 22:28:00,2019-01-09 22:28:00,145469,61.669,174.186,34.0,9.0,0.04,True
2019-01-09 22:50:00,2019-01-09 22:50:00,145469,61.676,174.198,34.0,9.0,0.04,True
2019-01-09 23:03:00,2019-01-09 23:03:00,145469,61.666,174.188,34.0,9.0,0.04,True
2019-01-09 23:31:00,2019-01-09 23:31:00,145469,61.668,174.161,34.0,9.2,0.04,True
2019-01-09 23:34:00,2019-01-09 23:34:00,145469,61.667,174.171,34.0,9.2,0.04,True
2019-01-10 00:05:00,2019-01-10 00:05:00,145469,61.669,174.156,34.0,9.2,0.04,True
2019-01-10 00:26:00,2019-01-10 00:26:00,145469,61.664,174.158,34.0,9.2,0.04,True
2019-01-10 01:11:00,2019-01-10 01:11:00,145469,61.657,174.162,34.0,9.2,0.04,True
2019-01-10 01:13:00,2019-01-10 01:13:00,145469,61.660,174.165,34.0,9.2,0.04,True
2019-01-10 01:41:00,2019-01-10 01:41:00,145469,61.647,174.156,34.0,9.2,0.04,True
2019-01-10 02:06:00,2019-01-10 02:06:00,145469,61.655,174.154,32.0,9.2,0.04,True
2019-01-10 02:56:00,2019-01-10 02:56:00,145469,61.655,174.132,32.0,9.2,0.00,True
2019-01-10 03:52:00,2019-01-10 03:52:00,145469,61.651,174.170,32.0,9.2,0.00,True
2019-01-10 03:56:00,2019-01-10 03:56:00,145469,61.653,174.163,32.0,9.2,0.00,True
2019-01-10 04:29:00,2019-01-10 04:29:00,145469,61.651,174.173,32.0,9.2,0.00,True
2019-01-10 04:36:00,2019-01-10 04:36:00,145469,61.653,174.168,32.0,9.2,0.00,True
2019-01-10 05:03:00,2019-01-10 05:03:00,145469,61.650,174.170,32.0,9.2,0.00,True
2019-01-10 05:38:00,2019-01-10 05:38:00,145469,61.646,174.176,32.0,9.2,0.00,True
2019-01-10 05:37:00,2019-01-10 05:37:00,145469,61.650,174.175,32.0,9.2,0.00,True
2019-01-10 06:08:00,2019-01-10 06:08:00,145469,61.650,174.178,36.0,9.2,0.00,True
2019-01-10 06:07:00,2019-01-10 06:07:00,145469,61.650,174.179,36.0,9.2,0.00,True
2019-01-10 07:47:00,2019-01-10 07:47:00,145469,61.656,174.189,36.0,9.2,0.00,True
2019-01-10 07:49:00,2019-01-10 07:49:00,145469,61.655,174.185,36.0,9.2,0.00,True
2019-01-10 08:56:00,2019-01-10 08:56:00,145469,61.655,174.191,36.0,9.2,0.00,True
2019-01-10 09:30:00,2019-01-10 09:30:00,145469,61.656,174.199,36.0,9.2,0.00,True
2019-01-10 09:33:00,2019-01-10 09:33:00,145469,61.655,174.198,36.0,9.2,0.00,True
2019-01-10 10:33:00,2019-01-10 10:33:00,145469,61.655,174.190,41.0,9.2,0.00,True
2019-01-10 13:44:00,2019-01-10 13:44:00,145469,61.654,174.237,41.0,9.2,0.00,True
2019-01-10 14:16:00,2019-01-10 14:16:00,145469,61.651,174.253,34.0,9.2,0.00,True
2019-01-10 15:23:00,2019-01-10 15:23:00,145469,61.655,174.268,34.0,9.0,0.00,True
2019-01-10 15:57:00,2019-01-10 15:57:00,145469,61.653,174.284,34.0,9.0,-0.04,True
2019-01-10 17:38:00,2019-01-10 17:38:00,145469,61.667,174.344,34.0,9.2,-0.04,True
2019-01-10 18:17:00,2019-01-10 18:17:00,145469,61.662,174.330,29.0,9.2,-0.04,True
2019-01-10 18:47:00,2019-01-10 18:47:00,145469,61.667,174.343,29.0,9.2,-0.04,True
2019-01-10 19:18:00,2019-01-10 19:18:00,145469,61.669,174.347,29.0,9.2,-0.04,True
2019-01-10 19:56:00,2019-01-10 19:56:00,145469,61.673,174.350,29.0,9.2,-0.04,True
2019-01-10 19:58:00,2019-01-10 19:58:00,145469,61.676,174.356,29.0,9.2,-0.04,True
2019-01-10 20:25:00,2019-01-10 20:25:00,145469,61.670,174.350,29.0,9.2,-0.04,True
2019-01-10 20:58:00,2019-01-10 20:58:00,145469,61.680,174.349,29.0,9.2,-0.04,True
2019-01-10 21:38:00,2019-01-10 21:38:00,145469,61.681,174.364,29.0,9.2,-0.04,True
2019-01-10 21:38:00,2019-01-10 21:38:00,145469,61.680,174.366,29.0,9.2,-0.04,True
2019-01-10 22:05:00,2019-01-10 22:05:00,145469,61.679,174.357,24.0,9.2,-0.04,True
2019-01-10 22:39:00,2019-01-10 22:39:00,145469,61.681,174.359,24.0,9.2,-0.04,True
2019-01-10 22:39:00,2019-01-10 22:39:00,145469,61.679,174.367,24.0,9.2,-0.04,True
2019-01-10 23:25:00,2019-01-10 23:25:00,145469,61.677,174.376,24.0,9.2,-0.04,True
2019-01-10 23:19:00,2019-01-10 23:19:00,145469,61.683,174.365,24.0,9.2,-0.04,True
2019-01-10 23:40:00,2019-01-10 23:40:00,145469,61.685,174.371,24.0,9.2,-0.04,True
2019-01-11 00:16:00,2019-01-11 00:16:00,145469,61.682,174.366,24.0,9.2,-0.04,True
2019-01-11 00:54:00,2019-01-11 00:54:00,145469,61.677,174.381,24.0,9.2,-0.08,True
2019-01-11 00:59:00,2019-01-11 00:59:00,145469,61.669,174.375,24.0,9.2,-0.08,True
2019-01-11 01:17:00,2019-01-11 01:17:00,145469,61.673,174.375,24.0,9.2,-0.08,True
2019-01-11 02:35:00,2019-01-11 02:35:00,145469,61.670,174.412,30.0,9.2,-0.08,True
2019-01-11 02:38:00,2019-01-11 02:38:00,145469,61.668,174.418,30.0,9.2,-0.08,True
2019-01-11 02:56:00,2019-01-11 02:56:00,145469,61.669,174.424,30.0,9.2,-0.08,True
2019-01-11 03:25:00,2019-01-11 03:25:00,145469,61.665,174.432,30.0,9.2,-0.08,True
2019-01-11 03:40:00,2019-01-11 03:40:00,145469,61.667,174.442,30.0,9.2,-0.08,True
2019-01-11 04:14:00,2019-01-11 04:14:00,145469,61.669,174.464,30.0,9.2,-0.08,True
2019-01-11 04:15:00,2019-01-11 04:15:00,145469,61.660,174.463,30.0,9.2,-0.08,True
2019-01-11 04:36:00,2019-01-11 04:36:00,145469,61.664,174.470,30.0,9.2,-0.12,True
2019-01-11 05:01:00,2019-01-11 05:01:00,145469,61.663,174.479,30.0,9.2,-0.08,True
2019-01-11 05:15:00,2019-01-11 05:15:00,145469,61.659,174.484,30.0,9.2,-0.08,True
2019-01-11 05:20:00,2019-01-11 05:20:00,145469,61.668,174.487,30.0,9.2,-0.08,True
2019-01-11 05:56:00,2019-01-11 05:56:00,145469,61.667,174.506,33.0,9.2,-0.12,True
2019-01-11 06:16:00,2019-01-11 06:16:00,145469,61.666,174.514,33.0,9.2,-0.12,True
2019-01-11 06:40:00,2019-01-11 06:40:00,145469,61.666,174.506,33.0,9.2,-0.12,True
2019-01-11 06:57:00,2019-01-11 06:57:00,145469,61.669,174.533,33.0,9.2,-0.12,True
2019-01-11 07:27:00,2019-01-11 07:27:00,145469,61.671,174.554,33.0,9.2,-0.12,True
2019-01-11 07:56:00,2019-01-11 07:56:00,145469,61.675,174.542,33.0,9.2,-0.08,True
2019-01-11 08:19:00,2019-01-11 08:19:00,145469,61.679,174.560,33.0,9.0,-0.12,True
2019-01-11 08:33:00,2019-01-11 08:33:00,145469,61.680,174.548,33.0,9.0,-0.12,True
2019-01-11 09:09:00,2019-01-11 09:09:00,145469,61.683,174.573,33.0,9.0,-0.12,True
2019-01-11 09:20:00,2019-01-11 09:20:00,145469,61.684,174.581,33.0,9.2,-0.12,True
2019-01-11 10:04:00,2019-01-11 10:04:00,145469,61.688,174.583,30.0,9.2,-0.12,True
2019-01-11 13:18:00,2019-01-11 13:18:00,145469,61.696,174.633,30.0,9.2,-0.16,True
2019-01-11 14:04:00,2019-01-11 14:04:00,145469,61.692,174.636,32.0,9.2,-0.16,True
2019-01-11 14:51:00,2019-01-11 14:51:00,145469,61.701,174.663,32.0,9.2,-0.16,True
2019-01-11 15:46:00,2019-01-11 15:46:00,145469,61.702,174.691,32.0,9.2,-0.16,True
2019-01-11 16:35:00,2019-01-11 16:35:00,145469,61.710,174.691,32.0,9.2,-0.20,True
2019-01-11 16:41:00,2019-01-11 16:41:00,145469,61.711,174.698,32.0,9.2,-0.20,True
2019-01-11 18:05:00,2019-01-11 18:05:00,145469,61.715,174.732,35.0,9.2,-0.20,True
2019-01-11 18:14:00,2019-01-11 18:14:00,145469,61.717,174.730,35.0,9.2,-0.20,True
2019-01-11 18:18:00,2019-01-11 18:18:00,145469,61.717,174.732,35.0,9.2,-0.20,True
2019-01-11 19:08:00,2019-01-11 19:08:00,145469,61.727,174.751,35.0,9.2,-0.20,True
2019-01-11 19:38:00,2019-01-11 19:38:00,145469,61.729,174.754,35.0,9.2,-0.20,True
2019-01-11 19:46:00,2019-01-11 19:46:00,145469,61.729,174.747,35.0,9.2,-0.20,True
2019-01-11 21:25:00,2019-01-11 21:25:00,145469,61.741,174.757,35.0,9.2,-0.20,True
2019-01-11 21:26:00,2019-01-11 21:26:00,145469,61.742,174.753,35.0,9.2,-0.20,True
2019-01-11 21:36:00,2019-01-11 21:36:00,145469,61.747,174.760,35.0,9.2,-0.20,True
2019-01-11 22:19:00,2019-01-11 22:19:00,145469,61.753,174.783,31.0,9.2,-0.20,True
2019-01-11 22:27:00,2019-01-11 22:27:00,145469,61.751,174.770,31.0,9.2,-0.20,True
2019-01-11 22:53:00,2019-01-11 22:53:00,145469,61.748,174.756,31.0,9.2,-0.20,True
2019-01-11 23:08:00,2019-01-11 23:08:00,145469,61.753,174.760,31.0,9.2,-0.20,True
2019-01-11 23:16:00,2019-01-11 23:16:00,145469,61.749,174.757,31.0,9.2,-0.20,True
2019-01-12 00:04:00,2019-01-12 00:04:00,145469,61.753,174.757,31.0,9.2,-0.20,True
2019-01-12 00:47:00,2019-01-12 00:47:00,145469,61.760,174.771,31.0,9.2,-0.24,True
2019-01-12 01:41:00,2019-01-12 01:41:00,145469,61.752,174.755,31.0,9.0,-0.24,True
2019-01-12 01:41:00,2019-01-12 01:41:00,145469,61.753,174.760,31.0,9.0,-0.24,True
2019-01-12 02:30:00,2019-01-12 02:30:00,145469,61.749,174.771,32.0,9.2,-0.24,True
2019-01-12 03:28:00,2019-01-12 03:28:00,145469,61.750,174.768,32.0,9.2,-0.28,True
2019-01-12 03:53:00,2019-01-12 03:53:00,145469,61.751,174.771,32.0,9.2,-0.28,True
2019-01-12 04:04:00,2019-01-12 04:04:00,145469,61.746,174.781,32.0,9.2,-0.28,True
2019-01-12 04:12:00,2019-01-12 04:12:00,145469,61.749,174.783,32.0,9.2,-0.28,True
2019-01-12 04:29:00,2019-01-12 04:29:00,145469,61.747,174.794,32.0,9.2,-0.28,True
2019-01-12 05:06:00,2019-01-12 05:06:00,145469,61.747,174.804,32.0,9.2,-0.32,True
2019-01-12 05:53:00,2019-01-12 05:53:00,145469,61.745,174.824,32.0,9.2,-0.32,True
2019-01-12 06:16:00,2019-01-12 06:16:00,145469,61.749,174.807,34.0,9.2,-0.32,True
2019-01-12 06:36:00,2019-01-12 06:36:00,145469,61.751,174.830,34.0,9.2,-0.32,True
2019-01-12 07:07:00,2019-01-12 07:07:00,145469,61.752,174.829,34.0,9.2,-0.32,True
2019-01-12 07:24:00,2019-01-12 07:24:00,145469,61.753,174.831,34.0,9.2,-0.36,True
2019-01-12 07:29:00,2019-01-12 07:29:00,145469,61.754,174.837,34.0,9.2,-0.36,True
2019-01-12 07:48:00,2019-01-12 07:48:00,145469,61.755,174.841,34.0,9.2,-0.32,True
2019-01-12 08:12:00,2019-01-12 08:12:00,145469,61.758,174.836,34.0,9.2,-0.32,True
2019-01-12 08:47:00,2019-01-12 08:47:00,145469,61.758,174.846,34.0,9.2,-0.36,True
2019-01-12 09:11:00,2019-01-12 09:11:00,145469,61.759,174.846,34.0,9.2,-0.32,True
2019-01-12 09:32:00,2019-01-12 09:32:00,145469,61.763,174.853,34.0,9.2,-0.36,True
2019-01-12 09:54:00,2019-01-12 09:54:00,145469,61.769,174.850,34.0,9.2,-0.36,True
2019-01-12 11:11:00,2019-01-12 11:11:00,145469,61.773,174.867,27.0,9.2,-0.40,True
2019-01-12 14:20:00,2019-01-12 14:20:00,145469,61.775,174.868,31.0,9.2,-0.44,True
2019-01-12 15:34:00,2019-01-12 15:34:00,145469,61.785,174.884,31.0,9.2,-0.44,True
2019-01-12 16:04:00,2019-01-12 16:04:00,145469,61.783,174.878,31.0,9.2,-0.44,True
2019-01-12 16:15:00,2019-01-12 16:15:00,145469,61.784,174.882,31.0,9.2,-0.44,True
2019-01-12 17:44:00,2019-01-12 17:44:00,145469,61.787,174.901,31.0,9.2,-0.44,True
2019-01-12 17:53:00,2019-01-12 17:53:00,145469,61.783,174.875,31.0,9.2,-0.44,True
2019-01-12 17:56:00,2019-01-12 17:56:00,145469,61.785,174.883,31.0,9.2,-0.44,True
2019-01-12 18:55:00,2019-01-12 18:55:00,145469,61.792,174.902,34.0,9.0,-0.44,True
2019-01-12 19:13:00,2019-01-12 19:13:00,145469,61.794,174.897,34.0,9.2,-0.44,True
2019-01-12 19:36:00,2019-01-12 19:36:00,145469,61.797,174.898,34.0,9.2,-0.44,True
2019-01-12 19:35:00,2019-01-12 19:35:00,145469,61.799,174.896,34.0,9.2,-0.44,True
2019-01-12 20:35:00,2019-01-12 20:35:00,145469,61.802,174.907,34.0,9.2,-0.44,True
2019-01-12 21:17:00,2019-01-12 21:17:00,145469,61.806,174.892,34.0,9.2,-0.44,True
2019-01-12 21:58:00,2019-01-12 21:58:00,145469,61.807,174.875,29.0,9.2,-0.48,True
2019-01-12 22:32:00,2019-01-12 22:32:00,145469,61.817,174.894,29.0,9.2,-0.48,True
2019-01-12 22:53:00,2019-01-12 22:53:00,145469,61.818,174.871,29.0,9.2,-0.48,True
2019-01-12 22:55:00,2019-01-12 22:55:00,145469,61.816,174.890,29.0,9.2,-0.48,True
2019-01-13 00:12:00,2019-01-13 00:12:00,145469,61.816,174.873,29.0,9.2,-0.48,True
2019-01-13 00:30:00,2019-01-13 00:30:00,145469,61.823,174.868,29.0,9.2,-0.48,True
2019-01-13 00:36:00,2019-01-13 00:36:00,145469,61.818,174.868,29.0,9.2,-0.48,True
2019-01-13 01:32:00,2019-01-13 01:32:00,145469,61.817,174.872,29.0,9.2,-0.48,True
2019-01-13 01:52:00,2019-01-13 01:52:00,145469,61.817,174.874,29.0,9.2,-0.48,True
2019-01-13 02:07:00,2019-01-13 02:07:00,145469,61.812,174.871,30.0,9.2,-0.48,True
2019-01-13 02:16:00,2019-01-13 02:16:00,145469,61.809,174.869,30.0,9.2,-0.48,True
2019-01-13 03:10:00,2019-01-13 03:10:00,145469,61.811,174.890,30.0,9.2,-0.52,True
2019-01-13 03:43:00,2019-01-13 03:43:00,145469,61.812,174.870,30.0,9.2,-0.52,True
2019-01-13 03:54:00,2019-01-13 03:54:00,145469,61.808,174.871,30.0,9.2,-0.52,True
2019-01-13 04:39:00,2019-01-13 04:39:00,145469,61.811,174.891,30.0,9.2,-0.52,True
2019-01-13 04:59:00,2019-01-13 04:59:00,145469,61.808,174.894,30.0,9.2,-0.52,True
2019-01-13 05:06:00,2019-01-13 05:06:00,145469,61.809,174.894,30.0,9.2,-0.52,True
2019-01-13 05:30:00,2019-01-13 05:30:00,145469,61.812,174.885,30.0,9.2,-0.52,True
2019-01-13 05:35:00,2019-01-13 05:35:00,145469,61.812,174.885,30.0,9.2,-0.56,True
2019-01-13 05:43:00,2019-01-13 05:43:00,145469,61.808,174.901,30.0,9.2,-0.56,True
2019-01-13 06:46:00,2019-01-13 06:46:00,145469,61.808,174.918,40.0,9.2,-0.56,True
2019-01-13 07:18:00,2019-01-13 07:18:00,145469,61.812,174.929,40.0,9.2,-0.56,True
2019-01-13 07:52:00,2019-01-13 07:52:00,145469,61.815,174.928,40.0,9.2,-0.60,True
2019-01-13 08:56:00,2019-01-13 08:56:00,145469,61.815,174.943,40.0,9.2,-0.56,True
2019-01-13 09:01:00,2019-01-13 09:01:00,145469,61.818,174.937,40.0,9.2,-0.56,True
2019-01-13 10:09:00,2019-01-13 10:09:00,145469,61.819,174.940,33.0,9.2,-0.60,True
2019-01-13 10:39:00,2019-01-13 10:39:00,145469,61.826,174.946,33.0,9.2,-0.60,True
2019-01-13 12:17:00,2019-01-13 12:17:00,145469,61.832,174.932,33.0,9.2,-0.60,True
2019-01-13 13:50:00,2019-01-13 13:50:00,145469,61.828,174.943,33.0,9.2,-0.60,True
2019-01-13 17:02:00,2019-01-13 17:02:00,145469,61.822,174.971,27.0,9.2,-0.72,True
2019-01-13 17:12:00,2019-01-13 17:12:00,145469,61.823,174.984,27.0,9.2,-0.72,True
2019-01-13 17:27:00,2019-01-13 17:27:00,145469,61.816,175.002,27.0,9.2,-1.12,True
2019-01-13 18:44:00,2019-01-13 18:44:00,145469,61.793,175.026,31.0,9.2,-1.36,True
2019-01-13 18:54:00,2019-01-13 18:54:00,145469,61.793,175.029,31.0,9.2,-1.36,True
2019-01-13 18:51:00,2019-01-13 18:51:00,145469,61.794,175.027,31.0,9.2,-1.36,True
2019-01-13 19:06:00,2019-01-13 19:06:00,145469,61.787,175.039,31.0,9.2,-1.00,True
2019-01-13 19:23:00,2019-01-13 19:23:00,145469,61.781,175.051,31.0,9.2,-1.16,True
2019-01-13 20:24:00,2019-01-13 20:24:00,145469,61.767,175.069,31.0,9.2,-0.92,True
2019-01-13 20:43:00,2019-01-13 20:43:00,145469,61.768,175.066,31.0,9.2,-0.96,True
2019-01-13 21:05:00,2019-01-13 21:05:00,145469,61.762,175.072,31.0,9.2,-0.68,True
2019-01-13 21:38:00,2019-01-13 21:38:00,145469,61.759,175.081,31.0,9.2,-0.80,True
2019-01-13 22:04:00,2019-01-13 22:04:00,145469,61.759,175.069,93.0,9.2,-0.76,True
2019-01-13 22:10:00,2019-01-13 22:10:00,145469,61.758,175.080,93.0,9.2,-0.56,True
2019-01-13 22:27:00,2019-01-13 22:27:00,145469,61.761,175.087,93.0,9.2,-0.56,True
2019-01-13 22:47:00,2019-01-13 22:47:00,145469,61.760,175.095,93.0,9.2,-0.56,True
2019-01-13 23:21:00,2019-01-13 23:21:00,145469,61.761,175.086,93.0,9.2,-0.52,True
2019-01-13 23:52:00,2019-01-13 23:52:00,145469,61.761,175.088,93.0,9.2,-0.52,True
2019-01-14 00:24:00,2019-01-14 00:24:00,145469,61.760,175.090,93.0,9.2,-0.52,True
2019-01-14 00:58:00,2019-01-14 00:58:00,145469,61.757,175.078,93.0,9.2,-0.52,True
2019-01-14 01:32:00,2019-01-14 01:32:00,145469,61.754,175.090,93.0,9.2,-0.52,True
2019-01-14 01:42:00,2019-01-14 01:42:00,145469,61.754,175.088,93.0,9.2,-0.52,True
2019-01-14 02:04:00,2019-01-14 02:04:00,145469,61.755,175.087,29.0,9.2,-0.52,True
2019-01-14 03:00:00,2019-01-14 03:00:00,145469,61.738,175.093,29.0,9.2,-0.84,True
2019-01-14 03:13:00,2019-01-14 03:13:00,145469,61.730,175.109,29.0,9.2,-0.84,True
2019-01-14 03:19:00,2019-01-14 03:19:00,145469,61.730,175.121,29.0,9.2,-0.88,True
2019-01-14 03:31:00,2019-01-14 03:31:00,145469,61.732,175.118,29.0,9.2,-0.88,True
2019-01-14 03:42:00,2019-01-14 03:42:00,145469,61.730,175.133,29.0,9.2,-0.80,True
2019-01-14 04:48:00,2019-01-14 04:48:00,145469,61.720,175.167,29.0,9.0,-0.64,True
2019-01-14 04:51:00,2019-01-14 04:51:00,145469,61.721,175.147,29.0,9.0,-0.64,True
2019-01-14 05:02:00,2019-01-14 05:02:00,145469,61.716,175.134,29.0,9.0,-0.56,True
2019-01-14 05:13:00,2019-01-14 05:13:00,145469,61.714,175.150,29.0,9.0,-0.56,True
2019-01-14 05:20:00,2019-01-14 05:20:00,145469,61.709,175.164,28.0,9.2,-0.68,True
2019-01-14 05:53:00,2019-01-14 05:53:00,145469,61.705,175.177,44.0,9.2,-0.60,True
2019-01-14 06:25:00,2019-01-14 06:25:00,145469,61.706,175.181,28.0,9.2,-0.56,True
2019-01-14 06:43:00,2019-01-14 06:43:00,145469,61.706,175.190,28.0,9.2,-0.52,True
2019-01-14 06:46:00,2019-01-14 06:46:00,145469,61.710,175.199,28.0,9.2,-0.56,True
2019-01-14 07:00:00,2019-01-14 07:00:00,145469,61.707,175.198,28.0,9.2,-0.56,True
2019-01-14 07:31:00,2019-01-14 07:31:00,145469,61.705,175.210,28.0,9.2,-0.60,True
2019-01-14 08:06:00,2019-01-14 08:06:00,145469,61.707,175.219,28.0,9.2,-0.60,True
2019-01-14 08:22:00,2019-01-14 08:22:00,145469,61.703,175.222,28.0,9.2,-0.64,True
2019-01-14 08:25:00,2019-01-14 08:25:00,145469,61.707,175.224,28.0,9.0,-0.56,True
2019-01-14 08:47:00,2019-01-14 08:47:00,145469,61.704,175.232,28.0,9.0,-0.64,True
2019-01-14 09:48:00,2019-01-14 09:48:00,145469,61.689,175.274,28.0,9.2,-0.76,True
2019-01-14 13:20:00,2019-01-14 13:20:00,145469,61.651,175.342,26.0,9.2,-0.40,True
